Club Name,When,Day,Week(s),Time,Year Group(s),Location,Staff Initials,Department,URN
Social Tennis,Before School,Monday,1&2,08:00-08:30,7 8,Gym,EK,PE,1
Lunch Club (Begins 12:45),Lunchtime,Monday,1&2,12:45-13:30,All Years,Library,SEN Dept.,SEN,2
Band Club,Lunchtime,Monday,1&2,13:00-13:30,All Years,Auditorium,Eva D,Music,3
Cricket,Lunchtime,Monday,1&2,13:00-13:30,All Years,Gym,MM,PE,4
Wood Club,Lunchtime,Monday,1&2,13:00-13:30,All Years,B02,KAH/SL,Design Tech,5
Senior Debating (Week-1 ONLY),After School,Monday,1,15:30-16:30,10 11 12 13,C13,ALB,English,6
Netball,After School,Monday,1&2,15:40-16:30,7,Courts,EK,PE,7
Chamber Choir (invite only),After School,Monday,1&2,15:30-16:45,10,Auditorium,OM,Music,8
Homework Club,After School,Monday,1&2,15:30-16:30,All Years,Library,SEN Dept.,SEN,9
Social Tennis,Before School,Tuesday,1&2,08:00-08:30,9 10 11 12 13,Gym,HM,PE,10
Lunch Club (Begins 12:45),Lunchtime,Tuesday,1&2,12:45-13:30,All Years,Library,SEN Dept.,SEN,11
Mathletes,Lunchtime,Tuesday,1&2,13:00-13:30,7 8,B22,KL,Maths,12
Crafting Club,Lunchtime,Tuesday,1&2,13:00-13:30,All Years,C05,HJ,Art,13
Christian Union,Lunchtime,Tuesday,1&2,13:00-13:30,8,Chapel,KM,Christian,14
Creative Writing Club,Lunchtime,Tuesday,1&2,13:00-13:30,7,B11,GJ,English,15
Jewellery Making Club,Lunchtime,Tuesday,1&2,13:00-13:30,7 8 9,C05,6th Formers,Design Tech,16
Textiles Club,Lunchtime,Tuesday,1&2,13:00-13:30,7,B01,6th Formers,Design Tech,17
Art 4 Fun,Lunchtime,Tuesday,1&2,12:45-13:30,7 8 9,A27,AB/ID,Art,18
Practice Club,Lunchtime,Tuesday,1&2,13:00-13:30,All Years,D13,OM,Music,19
Football,After School,Tuesday,1&2,15:40-16:30,7 8 9,Courts,HM/QPR Coach,PE,20
Street Dance,After School,Tuesday,1&2,15:40-16:30,All Years,Gym,HM/EK,PE,21
Homework Club,After School,Tuesday,1&2,15:30-16:30,All Years,Library,SEN Dept.,SEN,22
Strength Club,Before School,Wednesday,1&2,08:00-08:30,10 11 12 13,Gym,EB,PE,23
Lunch Club (Begins 12:45),Lunchtime,Wednesday,1&2,12:45-13:30,All Years,Library,SEN Dept.,SEN,24
Junior Debating,Lunchtime,Wednesday,1&2,13:00-13:30,7 8 9,C13,SO & LM,English,25
KS4 Scholars Club (invite only),Lunchtime,Wednesday,1&2,13:00-13:30,11,C14,AN,English,26
Literary Society,Lunchtime,Wednesday,1&2,13:00-13:30,12,C11,English teachers,English,27
Crafternoons,Lunchtime,Wednesday,1&2,13:00-13:30,7 8 9,C05,6th Formers,Pastoral,28
Badminton,Lunchtime,Wednesday,1&2,13:00-13:30,All Years,Gym,EB,PE,29
NEA Support,Lunchtime,Wednesday,1&2,13:00-13:30,11,B13,KAH/SL,Design Tech,30
Wind Band,Lunchtime,Wednesday,1&2,13:00-13:30,All Years,D13,OM/LW,Music,31
String Ensemble,Lunchtime,Wednesday,1&2,13:00-13:30,All Years,Auditorium,OM/LW,Music,32
Philosophy Club,After School,Wednesday,1&2,15:30-16:30,All Years,C03,MS,Religious Studies,33
Netball,After School,Wednesday,1&2,15:40-16:30,8 9 10 11 12 13,Courts,EB/HM,PE,34
Orchestra (Grade 3+),After School,Wednesday,1&2,15:40-16:30,All Years,Auditorium,OM,Music,35
Homework Club,After School,Wednesday,1&2,15:30-16:30,All Years,Library,SEN Dept.,SEN,36
Lunch Club (Begins 12:45),Lunchtime,Thursday,1&2,12:45-13:30,All Years,Library,SEN Dept.,SEN,37
Social Sciences Club,Lunchtime,Thursday,1&2,13:00-13:30,9 10,B29,LVE,Social Sciences,38
Pride Plus,Lunchtime,Thursday,1&2,13:00-13:30,6th Formers,B28,BU,Pastoral,39
Christian Union,Lunchtime,Thursday,1&2,12:45-13:30,7,Chapel,MR (youth worker),Christian,40
Junior STEM Club,Lunchtime,Thursday,1&2,13:00-13:30,7 8 9,A010,KM,Science,41
Maths Challenge (invite only),Lunchtime,Thursday,1&2,13:00-13:30,9,B25,AR,Maths,42
Design Tech Drop In,Lunchtime,Thursday,1&2,12:45-13:30,11,B01,KAH,Design Tech,43
Dodgeball,Lunchtime,Thursday,1&2,13:00-13:30,All Years,Gym,HM,PE,44
Junior Choir,Lunchtime,Thursday,1&2,13:00-13:30,7 8 9,Auditorium,OM,Music,45
Junior Drama,Lunchtime,Thursday,1&2,13:00-13:30,7 8 9,D21,Y12 Students,Drama,46
Homework Club,After School,Thursday,1&2,15:30-16:30,All Years,Library,SEN Dept.,SEN,47
Lunch Club (Begins 12:45),Lunchtime,Friday,1&2,12:45-13:30,All Years,Library,SEN Dept.,SEN,48
Flute Ensemble (Grade 5+),Lunchtime,Friday,1&2,13:00-13:30,All Years,Auditorium,OM,Music,49
GCSE Music Club,Lunchtime,Friday,1&2,13:00-13:30,11,D13,OM,Music,50
